PassengerId,Survived,Pclass,SibSp,Parch,Fare,Gender,EmbarkedMap,AgeFill,AgeIsNull,FamilySize,Age*Class
1,0,3,1,0,7.25,1,2.0,22.0,0,1,66.0
2,1,1,1,0,71.2833,0,0.0,38.0,0,1,38.0
3,1,3,0,0,7.925,0,2.0,26.0,0,0,78.0
4,1,1,1,0,53.1,0,2.0,35.0,0,1,35.0
5,0,3,0,0,8.05,1,2.0,35.0,0,0,105.0
6,0,3,0,0,8.4583,1,1.0,25.0,1,0,75.0
7,0,1,0,0,51.8625,1,2.0,54.0,0,0,54.0
8,0,3,3,1,21.075,1,2.0,2.0,0,4,6.0
9,1,3,0,2,11.1333,0,2.0,27.0,0,2,81.0
10,1,2,1,0,30.0708,0,0.0,14.0,0,1,28.0
11,1,3,1,1,16.7,0,2.0,4.0,0,2,12.0
12,1,1,0,0,26.55,0,2.0,58.0,0,0,58.0
13,0,3,0,0,8.05,1,2.0,20.0,0,0,60.0
14,0,3,1,5,31.275,1,2.0,39.0,0,6,117.0
15,0,3,0,0,7.8542,0,2.0,14.0,0,0,42.0
16,1,2,0,0,16.0,0,2.0,55.0,0,0,110.0
17,0,3,4,1,29.125,1,1.0,2.0,0,5,6.0
18,1,2,0,0,13.0,1,2.0,30.0,1,0,60.0
19,0,3,1,0,18.0,0,2.0,31.0,0,1,93.0
20,1,3,0,0,7.225,0,0.0,21.5,1,0,64.5
21,0,2,0,0,26.0,1,2.0,35.0,0,0,70.0
22,1,2,0,0,13.0,1,2.0,34.0,0,0,68.0
23,1,3,0,0,8.0292,0,1.0,15.0,0,0,45.0
24,1,1,0,0,35.5,1,2.0,28.0,0,0,28.0
25,0,3,3,1,21.075,0,2.0,8.0,0,4,24.0
26,1,3,1,5,31.3875,0,2.0,38.0,0,6,114.0
27,0,3,0,0,7.225,1,0.0,25.0,1,0,75.0
28,0,1,3,2,263.0,1,2.0,19.0,0,5,19.0
29,1,3,0,0,7.8792,0,1.0,21.5,1,0,64.5
30,0,3,0,0,7.8958,1,2.0,25.0,1,0,75.0
31,0,1,0,0,27.7208,1,0.0,40.0,0,0,40.0
32,1,1,1,0,146.5208,0,0.0,35.0,1,1,35.0
33,1,3,0,0,7.75,0,1.0,21.5,1,0,64.5
34,0,2,0,0,10.5,1,2.0,66.0,0,0,132.0
35,0,1,1,0,82.1708,1,0.0,28.0,0,1,28.0
36,0,1,1,0,52.0,1,2.0,42.0,0,1,42.0
37,1,3,0,0,7.2292,1,0.0,25.0,1,0,75.0
38,0,3,0,0,8.05,1,2.0,21.0,0,0,63.0
39,0,3,2,0,18.0,0,2.0,18.0,0,2,54.0
40,1,3,1,0,11.2417,0,0.0,14.0,0,1,42.0
41,0,3,1,0,9.475,0,2.0,40.0,0,1,120.0
42,0,2,1,0,21.0,0,2.0,27.0,0,1,54.0
43,0,3,0,0,7.8958,1,0.0,25.0,1,0,75.0
44,1,2,1,2,41.5792,0,0.0,3.0,0,3,6.0
45,1,3,0,0,7.8792,0,1.0,19.0,0,0,57.0
46,0,3,0,0,8.05,1,2.0,25.0,1,0,75.0
47,0,3,1,0,15.5,1,1.0,25.0,1,1,75.0
48,1,3,0,0,7.75,0,1.0,21.5,1,0,64.5
49,0,3,2,0,21.6792,1,0.0,25.0,1,2,75.0
50,0,3,1,0,17.8,0,2.0,18.0,0,1,54.0
51,0,3,4,1,39.6875,1,2.0,7.0,0,5,21.0
52,0,3,0,0,7.8,1,2.0,21.0,0,0,63.0
53,1,1,1,0,76.7292,0,0.0,49.0,0,1,49.0
54,1,2,1,0,26.0,0,2.0,29.0,0,1,58.0
55,0,1,0,1,61.9792,1,0.0,65.0,0,1,65.0
56,1,1,0,0,35.5,1,2.0,40.0,1,0,40.0
57,1,2,0,0,10.5,0,2.0,21.0,0,0,42.0
58,0,3,0,0,7.2292,1,0.0,28.5,0,0,85.5
59,1,2,1,2,27.75,0,2.0,5.0,0,3,10.0
60,0,3,5,2,46.9,1,2.0,11.0,0,7,33.0
61,0,3,0,0,7.2292,1,0.0,22.0,0,0,66.0
62,1,1,0,0,80.0,0,,38.0,0,0,38.0
63,0,1,1,0,83.475,1,2.0,45.0,0,1,45.0
64,0,3,3,2,27.9,1,2.0,4.0,0,5,12.0
65,0,1,0,0,27.7208,1,0.0,40.0,1,0,40.0
66,1,3,1,1,15.2458,1,0.0,25.0,1,2,75.0
67,1,2,0,0,10.5,0,2.0,29.0,0,0,58.0
68,0,3,0,0,8.1583,1,2.0,19.0,0,0,57.0
69,1,3,4,2,7.925,0,2.0,17.0,0,6,51.0
70,0,3,2,0,8.6625,1,2.0,26.0,0,2,78.0
71,0,2,0,0,10.5,1,2.0,32.0,0,0,64.0
72,0,3,5,2,46.9,0,2.0,16.0,0,7,48.0
73,0,2,0,0,73.5,1,2.0,21.0,0,0,42.0
74,0,3,1,0,14.4542,1,0.0,26.0,0,1,78.0
75,1,3,0,0,56.4958,1,2.0,32.0,0,0,96.0
76,0,3,0,0,7.65,1,2.0,25.0,0,0,75.0
77,0,3,0,0,7.8958,1,2.0,25.0,1,0,75.0
78,0,3,0,0,8.05,1,2.0,25.0,1,0,75.0
79,1,2,0,2,29.0,1,2.0,0.83,0,2,1.66
80,1,3,0,0,12.475,0,2.0,30.0,0,0,90.0
81,0,3,0,0,9.0,1,2.0,22.0,0,0,66.0
82,1,3,0,0,9.5,1,2.0,29.0,0,0,87.0
83,1,3,0,0,7.7875,0,1.0,21.5,1,0,64.5
84,0,1,0,0,47.1,1,2.0,28.0,0,0,28.0
85,1,2,0,0,10.5,0,2.0,17.0,0,0,34.0
86,1,3,3,0,15.85,0,2.0,33.0,0,3,99.0
87,0,3,1,3,34.375,1,2.0,16.0,0,4,48.0
88,0,3,0,0,8.05,1,2.0,25.0,1,0,75.0
89,1,1,3,2,263.0,0,2.0,23.0,0,5,23.0
90,0,3,0,0,8.05,1,2.0,24.0,0,0,72.0
91,0,3,0,0,8.05,1,2.0,29.0,0,0,87.0
92,0,3,0,0,7.8542,1,2.0,20.0,0,0,60.0
93,0,1,1,0,61.175,1,2.0,46.0,0,1,46.0
94,0,3,1,2,20.575,1,2.0,26.0,0,3,78.0
95,0,3,0,0,7.25,1,2.0,59.0,0,0,177.0
96,0,3,0,0,8.05,1,2.0,25.0,1,0,75.0
97,0,1,0,0,34.6542,1,0.0,71.0,0,0,71.0
98,1,1,0,1,63.3583,1,0.0,23.0,0,1,23.0
99,1,2,0,1,23.0,0,2.0,34.0,0,1,68.0
100,0,2,1,0,26.0,1,2.0,34.0,0,1,68.0
101,0,3,0,0,7.8958,0,2.0,28.0,0,0,84.0
102,0,3,0,0,7.8958,1,2.0,25.0,1,0,75.0
103,0,1,0,1,77.2875,1,2.0,21.0,0,1,21.0
104,0,3,0,0,8.6542,1,2.0,33.0,0,0,99.0
105,0,3,2,0,7.925,1,2.0,37.0,0,2,111.0
106,0,3,0,0,7.8958,1,2.0,28.0,0,0,84.0
107,1,3,0,0,7.65,0,2.0,21.0,0,0,63.0
108,1,3,0,0,7.775,1,2.0,25.0,1,0,75.0
109,0,3,0,0,7.8958,1,2.0,38.0,0,0,114.0
110,1,3,1,0,24.15,0,1.0,21.5,1,1,64.5
111,0,1,0,0,52.0,1,2.0,47.0,0,0,47.0
112,0,3,1,0,14.4542,0,0.0,14.5,0,1,43.5
113,0,3,0,0,8.05,1,2.0,22.0,0,0,66.0
114,0,3,1,0,9.825,0,2.0,20.0,0,1,60.0
115,0,3,0,0,14.4583,0,0.0,17.0,0,0,51.0
116,0,3,0,0,7.925,1,2.0,21.0,0,0,63.0
117,0,3,0,0,7.75,1,1.0,70.5,0,0,211.5
118,0,2,1,0,21.0,1,2.0,29.0,0,1,58.0
119,0,1,0,1,247.5208,1,0.0,24.0,0,1,24.0
120,0,3,4,2,31.275,0,2.0,2.0,0,6,6.0
121,0,2,2,0,73.5,1,2.0,21.0,0,2,42.0
122,0,3,0,0,8.05,1,2.0,25.0,1,0,75.0
123,0,2,1,0,30.0708,1,0.0,32.5,0,1,65.0
124,1,2,0,0,13.0,0,2.0,32.5,0,0,65.0
125,0,1,0,1,77.2875,1,2.0,54.0,0,1,54.0
126,1,3,1,0,11.2417,1,0.0,12.0,0,1,36.0
127,0,3,0,0,7.75,1,1.0,25.0,1,0,75.0
128,1,3,0,0,7.1417,1,2.0,24.0,0,0,72.0
129,1,3,1,1,22.3583,0,0.0,21.5,1,2,64.5
130,0,3,0,0,6.975,1,2.0,45.0,0,0,135.0
131,0,3,0,0,7.8958,1,0.0,33.0,0,0,99.0
132,0,3,0,0,7.05,1,2.0,20.0,0,0,60.0
133,0,3,1,0,14.5,0,2.0,47.0,0,1,141.0
134,1,2,1,0,26.0,0,2.0,29.0,0,1,58.0
135,0,2,0,0,13.0,1,2.0,25.0,0,0,50.0
136,0,2,0,0,15.0458,1,0.0,23.0,0,0,46.0
137,1,1,0,2,26.2833,0,2.0,19.0,0,2,19.0
138,0,1,1,0,53.1,1,2.0,37.0,0,1,37.0
139,0,3,0,0,9.2167,1,2.0,16.0,0,0,48.0
140,0,1,0,0,79.2,1,0.0,24.0,0,0,24.0
141,0,3,0,2,15.2458,0,0.0,21.5,1,2,64.5
142,1,3,0,0,7.75,0,2.0,22.0,0,0,66.0
143,1,3,1,0,15.85,0,2.0,24.0,0,1,72.0
144,0,3,0,0,6.75,1,1.0,19.0,0,0,57.0
145,0,2,0,0,11.5,1,2.0,18.0,0,0,36.0
146,0,2,1,1,36.75,1,2.0,19.0,0,2,38.0
147,1,3,0,0,7.7958,1,2.0,27.0,0,0,81.0
148,0,3,2,2,34.375,0,2.0,9.0,0,4,27.0
149,0,2,0,2,26.0,1,2.0,36.5,0,2,73.0
150,0,2,0,0,13.0,1,2.0,42.0,0,0,84.0
151,0,2,0,0,12.525,1,2.0,51.0,0,0,102.0
152,1,1,1,0,66.6,0,2.0,22.0,0,1,22.0
153,0,3,0,0,8.05,1,2.0,55.5,0,0,166.5
154,0,3,0,2,14.5,1,2.0,40.5,0,2,121.5
155,0,3,0,0,7.3125,1,2.0,25.0,1,0,75.0
156,0,1,0,1,61.3792,1,0.0,51.0,0,1,51.0
157,1,3,0,0,7.7333,0,1.0,16.0,0,0,48.0
158,0,3,0,0,8.05,1,2.0,30.0,0,0,90.0
159,0,3,0,0,8.6625,1,2.0,25.0,1,0,75.0
160,0,3,8,2,69.55,1,2.0,25.0,1,10,75.0
161,0,3,0,1,16.1,1,2.0,44.0,0,1,132.0
162,1,2,0,0,15.75,0,2.0,40.0,0,0,80.0
163,0,3,0,0,7.775,1,2.0,26.0,0,0,78.0
164,0,3,0,0,8.6625,1,2.0,17.0,0,0,51.0
165,0,3,4,1,39.6875,1,2.0,1.0,0,5,3.0
166,1,3,0,2,20.525,1,2.0,9.0,0,2,27.0
167,1,1,0,1,55.0,0,2.0,35.0,1,1,35.0
168,0,3,1,4,27.9,0,2.0,45.0,0,5,135.0
169,0,1,0,0,25.925,1,2.0,40.0,1,0,40.0
170,0,3,0,0,56.4958,1,2.0,28.0,0,0,84.0
171,0,1,0,0,33.5,1,2.0,61.0,0,0,61.0
172,0,3,4,1,29.125,1,1.0,4.0,0,5,12.0
173,1,3,1,1,11.1333,0,2.0,1.0,0,2,3.0
174,0,3,0,0,7.925,1,2.0,21.0,0,0,63.0
175,0,1,0,0,30.6958,1,0.0,56.0,0,0,56.0
176,0,3,1,1,7.8542,1,2.0,18.0,0,2,54.0
177,0,3,3,1,25.4667,1,2.0,25.0,1,4,75.0
178,0,1,0,0,28.7125,0,0.0,50.0,0,0,50.0
179,0,2,0,0,13.0,1,2.0,30.0,0,0,60.0
180,0,3,0,0,0.0,1,2.0,36.0,0,0,108.0
181,0,3,8,2,69.55,0,2.0,21.5,1,10,64.5
182,0,2,0,0,15.05,1,0.0,30.0,1,0,60.0
183,0,3,4,2,31.3875,1,2.0,9.0,0,6,27.0
184,1,2,2,1,39.0,1,2.0,1.0,0,3,2.0
185,1,3,0,2,22.025,0,2.0,4.0,0,2,12.0
186,0,1,0,0,50.0,1,2.0,40.0,1,0,40.0
187,1,3,1,0,15.5,0,1.0,21.5,1,1,64.5
188,1,1,0,0,26.55,1,2.0,45.0,0,0,45.0
189,0,3,1,1,15.5,1,1.0,40.0,0,2,120.0
190,0,3,0,0,7.8958,1,2.0,36.0,0,0,108.0
191,1,2,0,0,13.0,0,2.0,32.0,0,0,64.0
192,0,2,0,0,13.0,1,2.0,19.0,0,0,38.0
193,1,3,1,0,7.8542,0,2.0,19.0,0,1,57.0
194,1,2,1,1,26.0,1,2.0,3.0,0,2,6.0
195,1,1,0,0,27.7208,0,0.0,44.0,0,0,44.0
196,1,1,0,0,146.5208,0,0.0,58.0,0,0,58.0
197,0,3,0,0,7.75,1,1.0,25.0,1,0,75.0
198,0,3,0,1,8.4042,1,2.0,42.0,0,1,126.0
199,1,3,0,0,7.75,0,1.0,21.5,1,0,64.5
200,0,2,0,0,13.0,0,2.0,24.0,0,0,48.0
201,0,3,0,0,9.5,1,2.0,28.0,0,0,84.0
202,0,3,8,2,69.55,1,2.0,25.0,1,10,75.0
203,0,3,0,0,6.4958,1,2.0,34.0,0,0,102.0
204,0,3,0,0,7.225,1,0.0,45.5,0,0,136.5
205,1,3,0,0,8.05,1,2.0,18.0,0,0,54.0
206,0,3,0,1,10.4625,0,2.0,2.0,0,1,6.0
207,0,3,1,0,15.85,1,2.0,32.0,0,1,96.0
208,1,3,0,0,18.7875,1,0.0,26.0,0,0,78.0
209,1,3,0,0,7.75,0,1.0,16.0,0,0,48.0
210,1,1,0,0,31.0,1,0.0,40.0,0,0,40.0
211,0,3,0,0,7.05,1,2.0,24.0,0,0,72.0
212,1,2,0,0,21.0,0,2.0,35.0,0,0,70.0
213,0,3,0,0,7.25,1,2.0,22.0,0,0,66.0
214,0,2,0,0,13.0,1,2.0,30.0,0,0,60.0
215,0,3,1,0,7.75,1,1.0,25.0,1,1,75.0
216,1,1,1,0,113.275,0,0.0,31.0,0,1,31.0
217,1,3,0,0,7.925,0,2.0,27.0,0,0,81.0
218,0,2,1,0,27.0,1,2.0,42.0,0,1,84.0
219,1,1,0,0,76.2917,0,0.0,32.0,0,0,32.0
220,0,2,0,0,10.5,1,2.0,30.0,0,0,60.0
221,1,3,0,0,8.05,1,2.0,16.0,0,0,48.0
222,0,2,0,0,13.0,1,2.0,27.0,0,0,54.0
223,0,3,0,0,8.05,1,2.0,51.0,0,0,153.0
224,0,3,0,0,7.8958,1,2.0,25.0,1,0,75.0
225,1,1,1,0,90.0,1,2.0,38.0,0,1,38.0
226,0,3,0,0,9.35,1,2.0,22.0,0,0,66.0
227,1,2,0,0,10.5,1,2.0,19.0,0,0,38.0
228,0,3,0,0,7.25,1,2.0,20.5,0,0,61.5
229,0,2,0,0,13.0,1,2.0,18.0,0,0,36.0
230,0,3,3,1,25.4667,0,2.0,21.5,1,4,64.5
231,1,1,1,0,83.475,0,2.0,35.0,0,1,35.0
232,0,3,0,0,7.775,1,2.0,29.0,0,0,87.0
233,0,2,0,0,13.5,1,2.0,59.0,0,0,118.0
234,1,3,4,2,31.3875,0,2.0,5.0,0,6,15.0
235,0,2,0,0,10.5,1,2.0,24.0,0,0,48.0
236,0,3,0,0,7.55,0,2.0,21.5,1,0,64.5
237,0,2,1,0,26.0,1,2.0,44.0,0,1,88.0
238,1,2,0,2,26.25,0,2.0,8.0,0,2,16.0
239,0,2,0,0,10.5,1,2.0,19.0,0,0,38.0
240,0,2,0,0,12.275,1,2.0,33.0,0,0,66.0
241,0,3,1,0,14.4542,0,0.0,21.5,1,1,64.5
242,1,3,1,0,15.5,0,1.0,21.5,1,1,64.5
243,0,2,0,0,10.5,1,2.0,29.0,0,0,58.0
244,0,3,0,0,7.125,1,2.0,22.0,0,0,66.0
245,0,3,0,0,7.225,1,0.0,30.0,0,0,90.0
246,0,1,2,0,90.0,1,1.0,44.0,0,2,44.0
247,0,3,0,0,7.775,0,2.0,25.0,0,0,75.0
248,1,2,0,2,14.5,0,2.0,24.0,0,2,48.0
249,1,1,1,1,52.5542,1,2.0,37.0,0,2,37.0
250,0,2,1,0,26.0,1,2.0,54.0,0,1,108.0
251,0,3,0,0,7.25,1,2.0,25.0,1,0,75.0
252,0,3,1,1,10.4625,0,2.0,29.0,0,2,87.0
253,0,1,0,0,26.55,1,2.0,62.0,0,0,62.0
254,0,3,1,0,16.1,1,2.0,30.0,0,1,90.0
255,0,3,0,2,20.2125,0,2.0,41.0,0,2,123.0
256,1,3,0,2,15.2458,0,0.0,29.0,0,2,87.0
257,1,1,0,0,79.2,0,0.0,35.0,1,0,35.0
258,1,1,0,0,86.5,0,2.0,30.0,0,0,30.0
259,1,1,0,0,512.3292,0,0.0,35.0,0,0,35.0
260,1,2,0,1,26.0,0,2.0,50.0,0,1,100.0
261,0,3,0,0,7.75,1,1.0,25.0,1,0,75.0
262,1,3,4,2,31.3875,1,2.0,3.0,0,6,9.0
263,0,1,1,1,79.65,1,2.0,52.0,0,2,52.0
264,0,1,0,0,0.0,1,2.0,40.0,0,0,40.0
265,0,3,0,0,7.75,0,1.0,21.5,1,0,64.5
266,0,2,0,0,10.5,1,2.0,36.0,0,0,72.0
267,0,3,4,1,39.6875,1,2.0,16.0,0,5,48.0
268,1,3,1,0,7.775,1,2.0,25.0,0,1,75.0
269,1,1,0,1,153.4625,0,2.0,58.0,0,1,58.0
270,1,1,0,0,135.6333,0,2.0,35.0,0,0,35.0
271,0,1,0,0,31.0,1,2.0,40.0,1,0,40.0
272,1,3,0,0,0.0,1,2.0,25.0,0,0,75.0
273,1,2,0,1,19.5,0,2.0,41.0,0,1,82.0
274,0,1,0,1,29.7,1,0.0,37.0,0,1,37.0
275,1,3,0,0,7.75,0,1.0,21.5,1,0,64.5
276,1,1,1,0,77.9583,0,2.0,63.0,0,1,63.0
277,0,3,0,0,7.75,0,2.0,45.0,0,0,135.0
278,0,2,0,0,0.0,1,2.0,30.0,1,0,60.0
279,0,3,4,1,29.125,1,1.0,7.0,0,5,21.0
280,1,3,1,1,20.25,0,2.0,35.0,0,2,105.0
281,0,3,0,0,7.75,1,1.0,65.0,0,0,195.0
282,0,3,0,0,7.8542,1,2.0,28.0,0,0,84.0
283,0,3,0,0,9.5,1,2.0,16.0,0,0,48.0
284,1,3,0,0,8.05,1,2.0,19.0,0,0,57.0
285,0,1,0,0,26.0,1,2.0,40.0,1,0,40.0
286,0,3,0,0,8.6625,1,0.0,33.0,0,0,99.0
287,1,3,0,0,9.5,1,2.0,30.0,0,0,90.0
288,0,3,0,0,7.8958,1,2.0,22.0,0,0,66.0
289,1,2,0,0,13.0,1,2.0,42.0,0,0,84.0
290,1,3,0,0,7.75,0,1.0,22.0,0,0,66.0
291,1,1,0,0,78.85,0,2.0,26.0,0,0,26.0
292,1,1,1,0,91.0792,0,0.0,19.0,0,1,19.0
293,0,2,0,0,12.875,1,0.0,36.0,0,0,72.0
294,0,3,0,0,8.85,0,2.0,24.0,0,0,72.0
295,0,3,0,0,7.8958,1,2.0,24.0,0,0,72.0
296,0,1,0,0,27.7208,1,0.0,40.0,1,0,40.0
297,0,3,0,0,7.2292,1,0.0,23.5,0,0,70.5
298,0,1,1,2,151.55,0,2.0,2.0,0,3,2.0
299,1,1,0,0,30.5,1,2.0,40.0,1,0,40.0
300,1,1,0,1,247.5208,0,0.0,50.0,0,1,50.0
301,1,3,0,0,7.75,0,1.0,21.5,1,0,64.5
302,1,3,2,0,23.25,1,1.0,25.0,1,2,75.0
303,0,3,0,0,0.0,1,2.0,19.0,0,0,57.0
304,1,2,0,0,12.35,0,1.0,28.0,1,0,56.0
305,0,3,0,0,8.05,1,2.0,25.0,1,0,75.0
306,1,1,1,2,151.55,1,2.0,0.92,0,3,0.92
307,1,1,0,0,110.8833,0,0.0,35.0,1,0,35.0
308,1,1,1,0,108.9,0,0.0,17.0,0,1,17.0
309,0,2,1,0,24.0,1,0.0,30.0,0,1,60.0
310,1,1,0,0,56.9292,0,0.0,30.0,0,0,30.0
311,1,1,0,0,83.1583,0,0.0,24.0,0,0,24.0
312,1,1,2,2,262.375,0,0.0,18.0,0,4,18.0
313,0,2,1,1,26.0,0,2.0,26.0,0,2,52.0
314,0,3,0,0,7.8958,1,2.0,28.0,0,0,84.0
315,0,2,1,1,26.25,1,2.0,43.0,0,2,86.0
316,1,3,0,0,7.8542,0,2.0,26.0,0,0,78.0
317,1,2,1,0,26.0,0,2.0,24.0,0,1,48.0
318,0,2,0,0,14.0,1,2.0,54.0,0,0,108.0
319,1,1,0,2,164.8667,0,2.0,31.0,0,2,31.0
320,1,1,1,1,134.5,0,0.0,40.0,0,2,40.0
321,0,3,0,0,7.25,1,2.0,22.0,0,0,66.0
322,0,3,0,0,7.8958,1,2.0,27.0,0,0,81.0
323,1,2,0,0,12.35,0,1.0,30.0,0,0,60.0
324,1,2,1,1,29.0,0,2.0,22.0,0,2,44.0
325,0,3,8,2,69.55,1,2.0,25.0,1,10,75.0
326,1,1,0,0,135.6333,0,0.0,36.0,0,0,36.0
327,0,3,0,0,6.2375,1,2.0,61.0,0,0,183.0
328,1,2,0,0,13.0,0,2.0,36.0,0,0,72.0
329,1,3,1,1,20.525,0,2.0,31.0,0,2,93.0
330,1,1,0,1,57.9792,0,0.0,16.0,0,1,16.0
331,1,3,2,0,23.25,0,1.0,21.5,1,2,64.5
332,0,1,0,0,28.5,1,2.0,45.5,0,0,45.5
333,0,1,0,1,153.4625,1,2.0,38.0,0,1,38.0
334,0,3,2,0,18.0,1,2.0,16.0,0,2,48.0
335,1,1,1,0,133.65,0,2.0,35.0,1,1,35.0
336,0,3,0,0,7.8958,1,2.0,25.0,1,0,75.0
337,0,1,1,0,66.6,1,2.0,29.0,0,1,29.0
338,1,1,0,0,134.5,0,0.0,41.0,0,0,41.0
339,1,3,0,0,8.05,1,2.0,45.0,0,0,135.0
340,0,1,0,0,35.5,1,2.0,45.0,0,0,45.0
341,1,2,1,1,26.0,1,2.0,2.0,0,2,4.0
342,1,1,3,2,263.0,0,2.0,24.0,0,5,24.0
343,0,2,0,0,13.0,1,2.0,28.0,0,0,56.0
344,0,2,0,0,13.0,1,2.0,25.0,0,0,50.0
345,0,2,0,0,13.0,1,2.0,36.0,0,0,72.0
346,1,2,0,0,13.0,0,2.0,24.0,0,0,48.0
347,1,2,0,0,13.0,0,2.0,40.0,0,0,80.0
348,1,3,1,0,16.1,0,2.0,21.5,1,1,64.5
349,1,3,1,1,15.9,1,2.0,3.0,0,2,9.0
350,0,3,0,0,8.6625,1,2.0,42.0,0,0,126.0
351,0,3,0,0,9.225,1,2.0,23.0,0,0,69.0
352,0,1,0,0,35.0,1,2.0,40.0,1,0,40.0
353,0,3,1,1,7.2292,1,0.0,15.0,0,2,45.0
354,0,3,1,0,17.8,1,2.0,25.0,0,1,75.0
355,0,3,0,0,7.225,1,0.0,25.0,1,0,75.0
356,0,3,0,0,9.5,1,2.0,28.0,0,0,84.0
357,1,1,0,1,55.0,0,2.0,22.0,0,1,22.0
358,0,2,0,0,13.0,0,2.0,38.0,0,0,76.0
359,1,3,0,0,7.8792,0,1.0,21.5,1,0,64.5
360,1,3,0,0,7.8792,0,1.0,21.5,1,0,64.5
361,0,3,1,4,27.9,1,2.0,40.0,0,5,120.0
362,0,2,1,0,27.7208,1,0.0,29.0,0,1,58.0
363,0,3,0,1,14.4542,0,0.0,45.0,0,1,135.0
364,0,3,0,0,7.05,1,2.0,35.0,0,0,105.0
365,0,3,1,0,15.5,1,1.0,25.0,1,1,75.0
366,0,3,0,0,7.25,1,2.0,30.0,0,0,90.0
367,1,1,1,0,75.25,0,0.0,60.0,0,1,60.0
368,1,3,0,0,7.2292,0,0.0,21.5,1,0,64.5
369,1,3,0,0,7.75,0,1.0,21.5,1,0,64.5
370,1,1,0,0,69.3,0,0.0,24.0,0,0,24.0
371,1,1,1,0,55.4417,1,0.0,25.0,0,1,25.0
372,0,3,1,0,6.4958,1,2.0,18.0,0,1,54.0
373,0,3,0,0,8.05,1,2.0,19.0,0,0,57.0
374,0,1,0,0,135.6333,1,0.0,22.0,0,0,22.0
375,0,3,3,1,21.075,0,2.0,3.0,0,4,9.0
376,1,1,1,0,82.1708,0,0.0,35.0,1,1,35.0
377,1,3,0,0,7.25,0,2.0,22.0,0,0,66.0
378,0,1,0,2,211.5,1,0.0,27.0,0,2,27.0
379,0,3,0,0,4.0125,1,0.0,20.0,0,0,60.0
380,0,3,0,0,7.775,1,2.0,19.0,0,0,57.0
381,1,1,0,0,227.525,0,0.0,42.0,0,0,42.0
382,1,3,0,2,15.7417,0,0.0,1.0,0,2,3.0
383,0,3,0,0,7.925,1,2.0,32.0,0,0,96.0
384,1,1,1,0,52.0,0,2.0,35.0,0,1,35.0
385,0,3,0,0,7.8958,1,2.0,25.0,1,0,75.0
386,0,2,0,0,73.5,1,2.0,18.0,0,0,36.0
387,0,3,5,2,46.9,1,2.0,1.0,0,7,3.0
388,1,2,0,0,13.0,0,2.0,36.0,0,0,72.0
389,0,3,0,0,7.7292,1,1.0,25.0,1,0,75.0
390,1,2,0,0,12.0,0,0.0,17.0,0,0,34.0
391,1,1,1,2,120.0,1,2.0,36.0,0,3,36.0
392,1,3,0,0,7.7958,1,2.0,21.0,0,0,63.0
393,0,3,2,0,7.925,1,2.0,28.0,0,2,84.0
394,1,1,1,0,113.275,0,0.0,23.0,0,1,23.0
395,1,3,0,2,16.7,0,2.0,24.0,0,2,72.0
396,0,3,0,0,7.7958,1,2.0,22.0,0,0,66.0
397,0,3,0,0,7.8542,0,2.0,31.0,0,0,93.0
398,0,2,0,0,26.0,1,2.0,46.0,0,0,92.0
399,0,2,0,0,10.5,1,2.0,23.0,0,0,46.0
400,1,2,0,0,12.65,0,2.0,28.0,0,0,56.0
401,1,3,0,0,7.925,1,2.0,39.0,0,0,117.0
402,0,3,0,0,8.05,1,2.0,26.0,0,0,78.0
403,0,3,1,0,9.825,0,2.0,21.0,0,1,63.0
404,0,3,1,0,15.85,1,2.0,28.0,0,1,84.0
405,0,3,0,0,8.6625,0,2.0,20.0,0,0,60.0
406,0,2,1,0,21.0,1,2.0,34.0,0,1,68.0
407,0,3,0,0,7.75,1,2.0,51.0,0,0,153.0
408,1,2,1,1,18.75,1,2.0,3.0,0,2,6.0
409,0,3,0,0,7.775,1,2.0,21.0,0,0,63.0
410,0,3,3,1,25.4667,0,2.0,21.5,1,4,64.5
411,0,3,0,0,7.8958,1,2.0,25.0,1,0,75.0
412,0,3,0,0,6.8583,1,1.0,25.0,1,0,75.0
413,1,1,1,0,90.0,0,1.0,33.0,0,1,33.0
414,0,2,0,0,0.0,1,2.0,30.0,1,0,60.0
415,1,3,0,0,7.925,1,2.0,44.0,0,0,132.0
416,0,3,0,0,8.05,0,2.0,21.5,1,0,64.5
417,1,2,1,1,32.5,0,2.0,34.0,0,2,68.0
418,1,2,0,2,13.0,0,2.0,18.0,0,2,36.0
419,0,2,0,0,13.0,1,2.0,30.0,0,0,60.0
420,0,3,0,2,24.15,0,2.0,10.0,0,2,30.0
421,0,3,0,0,7.8958,1,0.0,25.0,1,0,75.0
422,0,3,0,0,7.7333,1,1.0,21.0,0,0,63.0
423,0,3,0,0,7.875,1,2.0,29.0,0,0,87.0
424,0,3,1,1,14.4,0,2.0,28.0,0,2,84.0
425,0,3,1,1,20.2125,1,2.0,18.0,0,2,54.0
426,0,3,0,0,7.25,1,2.0,25.0,1,0,75.0
427,1,2,1,0,26.0,0,2.0,28.0,0,1,56.0
428,1,2,0,0,26.0,0,2.0,19.0,0,0,38.0
429,0,3,0,0,7.75,1,1.0,25.0,1,0,75.0
430,1,3,0,0,8.05,1,2.0,32.0,0,0,96.0
431,1,1,0,0,26.55,1,2.0,28.0,0,0,28.0
432,1,3,1,0,16.1,0,2.0,21.5,1,1,64.5
433,1,2,1,0,26.0,0,2.0,42.0,0,1,84.0
434,0,3,0,0,7.125,1,2.0,17.0,0,0,51.0
435,0,1,1,0,55.9,1,2.0,50.0,0,1,50.0
436,1,1,1,2,120.0,0,2.0,14.0,0,3,14.0
437,0,3,2,2,34.375,0,2.0,21.0,0,4,63.0
438,1,2,2,3,18.75,0,2.0,24.0,0,5,48.0
439,0,1,1,4,263.0,1,2.0,64.0,0,5,64.0
440,0,2,0,0,10.5,1,2.0,31.0,0,0,62.0
441,1,2,1,1,26.25,0,2.0,45.0,0,2,90.0
442,0,3,0,0,9.5,1,2.0,20.0,0,0,60.0
443,0,3,1,0,7.775,1,2.0,25.0,0,1,75.0
444,1,2,0,0,13.0,0,2.0,28.0,0,0,56.0
445,1,3,0,0,8.1125,1,2.0,25.0,1,0,75.0
446,1,1,0,2,81.8583,1,2.0,4.0,0,2,4.0
447,1,2,0,1,19.5,0,2.0,13.0,0,1,26.0
448,1,1,0,0,26.55,1,2.0,34.0,0,0,34.0
449,1,3,2,1,19.2583,0,0.0,5.0,0,3,15.0
450,1,1,0,0,30.5,1,2.0,52.0,0,0,52.0
451,0,2,1,2,27.75,1,2.0,36.0,0,3,72.0
452,0,3,1,0,19.9667,1,2.0,25.0,1,1,75.0
453,0,1,0,0,27.75,1,0.0,30.0,0,0,30.0
454,1,1,1,0,89.1042,1,0.0,49.0,0,1,49.0
455,0,3,0,0,8.05,1,2.0,25.0,1,0,75.0
456,1,3,0,0,7.8958,1,0.0,29.0,0,0,87.0
457,0,1,0,0,26.55,1,2.0,65.0,0,0,65.0
458,1,1,1,0,51.8625,0,2.0,35.0,1,1,35.0
459,1,2,0,0,10.5,0,2.0,50.0,0,0,100.0
460,0,3,0,0,7.75,1,1.0,25.0,1,0,75.0
461,1,1,0,0,26.55,1,2.0,48.0,0,0,48.0
462,0,3,0,0,8.05,1,2.0,34.0,0,0,102.0
463,0,1,0,0,38.5,1,2.0,47.0,0,0,47.0
464,0,2,0,0,13.0,1,2.0,48.0,0,0,96.0
465,0,3,0,0,8.05,1,2.0,25.0,1,0,75.0
466,0,3,0,0,7.05,1,2.0,38.0,0,0,114.0
467,0,2,0,0,0.0,1,2.0,30.0,1,0,60.0
468,0,1,0,0,26.55,1,2.0,56.0,0,0,56.0
469,0,3,0,0,7.725,1,1.0,25.0,1,0,75.0
470,1,3,2,1,19.2583,0,0.0,0.75,0,3,2.25
471,0,3,0,0,7.25,1,2.0,25.0,1,0,75.0
472,0,3,0,0,8.6625,1,2.0,38.0,0,0,114.0
473,1,2,1,2,27.75,0,2.0,33.0,0,3,66.0
474,1,2,0,0,13.7917,0,0.0,23.0,0,0,46.0
475,0,3,0,0,9.8375,0,2.0,22.0,0,0,66.0
476,0,1,0,0,52.0,1,2.0,40.0,1,0,40.0
477,0,2,1,0,21.0,1,2.0,34.0,0,1,68.0
478,0,3,1,0,7.0458,1,2.0,29.0,0,1,87.0
479,0,3,0,0,7.5208,1,2.0,22.0,0,0,66.0
480,1,3,0,1,12.2875,0,2.0,2.0,0,1,6.0
481,0,3,5,2,46.9,1,2.0,9.0,0,7,27.0
482,0,2,0,0,0.0,1,2.0,30.0,1,0,60.0
483,0,3,0,0,8.05,1,2.0,50.0,0,0,150.0
484,1,3,0,0,9.5875,0,2.0,63.0,0,0,189.0
485,1,1,1,0,91.0792,1,0.0,25.0,0,1,25.0
486,0,3,3,1,25.4667,0,2.0,21.5,1,4,64.5
487,1,1,1,0,90.0,0,2.0,35.0,0,1,35.0
488,0,1,0,0,29.7,1,0.0,58.0,0,0,58.0
489,0,3,0,0,8.05,1,2.0,30.0,0,0,90.0
490,1,3,1,1,15.9,1,2.0,9.0,0,2,27.0
491,0,3,1,0,19.9667,1,2.0,25.0,1,1,75.0
492,0,3,0,0,7.25,1,2.0,21.0,0,0,63.0
493,0,1,0,0,30.5,1,2.0,55.0,0,0,55.0
494,0,1,0,0,49.5042,1,0.0,71.0,0,0,71.0
495,0,3,0,0,8.05,1,2.0,21.0,0,0,63.0
496,0,3,0,0,14.4583,1,0.0,25.0,1,0,75.0
497,1,1,1,0,78.2667,0,0.0,54.0,0,1,54.0
498,0,3,0,0,15.1,1,2.0,25.0,1,0,75.0
499,0,1,1,2,151.55,0,2.0,25.0,0,3,25.0
500,0,3,0,0,7.7958,1,2.0,24.0,0,0,72.0
501,0,3,0,0,8.6625,1,2.0,17.0,0,0,51.0
502,0,3,0,0,7.75,0,1.0,21.0,0,0,63.0
503,0,3,0,0,7.6292,0,1.0,21.5,1,0,64.5
504,0,3,0,0,9.5875,0,2.0,37.0,0,0,111.0
505,1,1,0,0,86.5,0,2.0,16.0,0,0,16.0
506,0,1,1,0,108.9,1,0.0,18.0,0,1,18.0
507,1,2,0,2,26.0,0,2.0,33.0,0,2,66.0
508,1,1,0,0,26.55,1,2.0,40.0,1,0,40.0
509,0,3,0,0,22.525,1,2.0,28.0,0,0,84.0
510,1,3,0,0,56.4958,1,2.0,26.0,0,0,78.0
511,1,3,0,0,7.75,1,1.0,29.0,0,0,87.0
512,0,3,0,0,8.05,1,2.0,25.0,1,0,75.0
513,1,1,0,0,26.2875,1,2.0,36.0,0,0,36.0
514,1,1,1,0,59.4,0,0.0,54.0,0,1,54.0
515,0,3,0,0,7.4958,1,2.0,24.0,0,0,72.0
516,0,1,0,0,34.0208,1,2.0,47.0,0,0,47.0
517,1,2,0,0,10.5,0,2.0,34.0,0,0,68.0
518,0,3,0,0,24.15,1,1.0,25.0,1,0,75.0
519,1,2,1,0,26.0,0,2.0,36.0,0,1,72.0
520,0,3,0,0,7.8958,1,2.0,32.0,0,0,96.0
521,1,1,0,0,93.5,0,2.0,30.0,0,0,30.0
522,0,3,0,0,7.8958,1,2.0,22.0,0,0,66.0
523,0,3,0,0,7.225,1,0.0,25.0,1,0,75.0
524,1,1,0,1,57.9792,0,0.0,44.0,0,1,44.0
525,0,3,0,0,7.2292,1,0.0,25.0,1,0,75.0
526,0,3,0,0,7.75,1,1.0,40.5,0,0,121.5
527,1,2,0,0,10.5,0,2.0,50.0,0,0,100.0
528,0,1,0,0,221.7792,1,2.0,40.0,1,0,40.0
529,0,3,0,0,7.925,1,2.0,39.0,0,0,117.0
530,0,2,2,1,11.5,1,2.0,23.0,0,3,46.0
531,1,2,1,1,26.0,0,2.0,2.0,0,2,4.0
532,0,3,0,0,7.2292,1,0.0,25.0,1,0,75.0
533,0,3,1,1,7.2292,1,0.0,17.0,0,2,51.0
534,1,3,0,2,22.3583,0,0.0,21.5,1,2,64.5
535,0,3,0,0,8.6625,0,2.0,30.0,0,0,90.0
536,1,2,0,2,26.25,0,2.0,7.0,0,2,14.0
537,0,1,0,0,26.55,1,2.0,45.0,0,0,45.0
538,1,1,0,0,106.425,0,0.0,30.0,0,0,30.0
539,0,3,0,0,14.5,1,2.0,25.0,1,0,75.0
540,1,1,0,2,49.5,0,0.0,22.0,0,2,22.0
541,1,1,0,2,71.0,0,2.0,36.0,0,2,36.0
542,0,3,4,2,31.275,0,2.0,9.0,0,6,27.0
543,0,3,4,2,31.275,0,2.0,11.0,0,6,33.0
544,1,2,1,0,26.0,1,2.0,32.0,0,1,64.0
545,0,1,1,0,106.425,1,0.0,50.0,0,1,50.0
546,0,1,0,0,26.0,1,2.0,64.0,0,0,64.0
547,1,2,1,0,26.0,0,2.0,19.0,0,1,38.0
548,1,2,0,0,13.8625,1,0.0,30.0,1,0,60.0
549,0,3,1,1,20.525,1,2.0,33.0,0,2,99.0
550,1,2,1,1,36.75,1,2.0,8.0,0,2,16.0
551,1,1,0,2,110.8833,1,0.0,17.0,0,2,17.0
552,0,2,0,0,26.0,1,2.0,27.0,0,0,54.0
553,0,3,0,0,7.8292,1,1.0,25.0,1,0,75.0
554,1,3,0,0,7.225,1,0.0,22.0,0,0,66.0
555,1,3,0,0,7.775,0,2.0,22.0,0,0,66.0
556,0,1,0,0,26.55,1,2.0,62.0,0,0,62.0
557,1,1,1,0,39.6,0,0.0,48.0,0,1,48.0
558,0,1,0,0,227.525,1,0.0,40.0,1,0,40.0
559,1,1,1,1,79.65,0,2.0,39.0,0,2,39.0
560,1,3,1,0,17.4,0,2.0,36.0,0,1,108.0
561,0,3,0,0,7.75,1,1.0,25.0,1,0,75.0
562,0,3,0,0,7.8958,1,2.0,40.0,0,0,120.0
563,0,2,0,0,13.5,1,2.0,28.0,0,0,56.0
564,0,3,0,0,8.05,1,2.0,25.0,1,0,75.0
565,0,3,0,0,8.05,0,2.0,21.5,1,0,64.5
566,0,3,2,0,24.15,1,2.0,24.0,0,2,72.0
567,0,3,0,0,7.8958,1,2.0,19.0,0,0,57.0
568,0,3,0,4,21.075,0,2.0,29.0,0,4,87.0
569,0,3,0,0,7.2292,1,0.0,25.0,1,0,75.0
570,1,3,0,0,7.8542,1,2.0,32.0,0,0,96.0
571,1,2,0,0,10.5,1,2.0,62.0,0,0,124.0
572,1,1,2,0,51.4792,0,2.0,53.0,0,2,53.0
573,1,1,0,0,26.3875,1,2.0,36.0,0,0,36.0
574,1,3,0,0,7.75,0,1.0,21.5,1,0,64.5
575,0,3,0,0,8.05,1,2.0,16.0,0,0,48.0
576,0,3,0,0,14.5,1,2.0,19.0,0,0,57.0
577,1,2,0,0,13.0,0,2.0,34.0,0,0,68.0
578,1,1,1,0,55.9,0,2.0,39.0,0,1,39.0
579,0,3,1,0,14.4583,0,0.0,21.5,1,1,64.5
580,1,3,0,0,7.925,1,2.0,32.0,0,0,96.0
581,1,2,1,1,30.0,0,2.0,25.0,0,2,50.0
582,1,1,1,1,110.8833,0,0.0,39.0,0,2,39.0
583,0,2,0,0,26.0,1,2.0,54.0,0,0,108.0
584,0,1,0,0,40.125,1,0.0,36.0,0,0,36.0
585,0,3,0,0,8.7125,1,0.0,25.0,1,0,75.0
586,1,1,0,2,79.65,0,2.0,18.0,0,2,18.0
587,0,2,0,0,15.0,1,2.0,47.0,0,0,94.0
588,1,1,1,1,79.2,1,0.0,60.0,0,2,60.0
589,0,3,0,0,8.05,1,2.0,22.0,0,0,66.0
590,0,3,0,0,8.05,1,2.0,25.0,1,0,75.0
591,0,3,0,0,7.125,1,2.0,35.0,0,0,105.0
592,1,1,1,0,78.2667,0,0.0,52.0,0,1,52.0
593,0,3,0,0,7.25,1,2.0,47.0,0,0,141.0
594,0,3,0,2,7.75,0,1.0,21.5,1,2,64.5
595,0,2,1,0,26.0,1,2.0,37.0,0,1,74.0
596,0,3,1,1,24.15,1,2.0,36.0,0,2,108.0
597,1,2,0,0,33.0,0,2.0,28.0,1,0,56.0
598,0,3,0,0,0.0,1,2.0,49.0,0,0,147.0
599,0,3,0,0,7.225,1,0.0,25.0,1,0,75.0
600,1,1,1,0,56.9292,1,0.0,49.0,0,1,49.0
601,1,2,2,1,27.0,0,2.0,24.0,0,3,48.0
602,0,3,0,0,7.8958,1,2.0,25.0,1,0,75.0
603,0,1,0,0,42.4,1,2.0,40.0,1,0,40.0
604,0,3,0,0,8.05,1,2.0,44.0,0,0,132.0
605,1,1,0,0,26.55,1,0.0,35.0,0,0,35.0
606,0,3,1,0,15.55,1,2.0,36.0,0,1,108.0
607,0,3,0,0,7.8958,1,2.0,30.0,0,0,90.0
608,1,1,0,0,30.5,1,2.0,27.0,0,0,27.0
609,1,2,1,2,41.5792,0,0.0,22.0,0,3,44.0
610,1,1,0,0,153.4625,0,2.0,40.0,0,0,40.0
611,0,3,1,5,31.275,0,2.0,39.0,0,6,117.0
612,0,3,0,0,7.05,1,2.0,25.0,1,0,75.0
613,1,3,1,0,15.5,0,1.0,21.5,1,1,64.5
614,0,3,0,0,7.75,1,1.0,25.0,1,0,75.0
615,0,3,0,0,8.05,1,2.0,35.0,0,0,105.0
616,1,2,1,2,65.0,0,2.0,24.0,0,3,48.0
617,0,3,1,1,14.4,1,2.0,34.0,0,2,102.0
618,0,3,1,0,16.1,0,2.0,26.0,0,1,78.0
619,1,2,2,1,39.0,0,2.0,4.0,0,3,8.0
620,0,2,0,0,10.5,1,2.0,26.0,0,0,52.0
621,0,3,1,0,14.4542,1,0.0,27.0,0,1,81.0
622,1,1,1,0,52.5542,1,2.0,42.0,0,1,42.0
623,1,3,1,1,15.7417,1,0.0,20.0,0,2,60.0
624,0,3,0,0,7.8542,1,2.0,21.0,0,0,63.0
625,0,3,0,0,16.1,1,2.0,21.0,0,0,63.0
626,0,1,0,0,32.3208,1,2.0,61.0,0,0,61.0
627,0,2,0,0,12.35,1,1.0,57.0,0,0,114.0
628,1,1,0,0,77.9583,0,2.0,21.0,0,0,21.0
629,0,3,0,0,7.8958,1,2.0,26.0,0,0,78.0
630,0,3,0,0,7.7333,1,1.0,25.0,1,0,75.0
631,1,1,0,0,30.0,1,2.0,80.0,0,0,80.0
632,0,3,0,0,7.0542,1,2.0,51.0,0,0,153.0
633,1,1,0,0,30.5,1,0.0,32.0,0,0,32.0
634,0,1,0,0,0.0,1,2.0,40.0,1,0,40.0
635,0,3,3,2,27.9,0,2.0,9.0,0,5,27.0
636,1,2,0,0,13.0,0,2.0,28.0,0,0,56.0
637,0,3,0,0,7.925,1,2.0,32.0,0,0,96.0
638,0,2,1,1,26.25,1,2.0,31.0,0,2,62.0
639,0,3,0,5,39.6875,0,2.0,41.0,0,5,123.0
640,0,3,1,0,16.1,1,2.0,25.0,1,1,75.0
641,0,3,0,0,7.8542,1,2.0,20.0,0,0,60.0
642,1,1,0,0,69.3,0,0.0,24.0,0,0,24.0
643,0,3,3,2,27.9,0,2.0,2.0,0,5,6.0
644,1,3,0,0,56.4958,1,2.0,25.0,1,0,75.0
645,1,3,2,1,19.2583,0,0.0,0.75,0,3,2.25
646,1,1,1,0,76.7292,1,0.0,48.0,0,1,48.0
647,0,3,0,0,7.8958,1,2.0,19.0,0,0,57.0
648,1,1,0,0,35.5,1,0.0,56.0,0,0,56.0
649,0,3,0,0,7.55,1,2.0,25.0,1,0,75.0
650,1,3,0,0,7.55,0,2.0,23.0,0,0,69.0
651,0,3,0,0,7.8958,1,2.0,25.0,1,0,75.0
652,1,2,0,1,23.0,0,2.0,18.0,0,1,36.0
653,0,3,0,0,8.4333,1,2.0,21.0,0,0,63.0
654,1,3,0,0,7.8292,0,1.0,21.5,1,0,64.5
655,0,3,0,0,6.75,0,1.0,18.0,0,0,54.0
656,0,2,2,0,73.5,1,2.0,24.0,0,2,48.0
657,0,3,0,0,7.8958,1,2.0,25.0,1,0,75.0
658,0,3,1,1,15.5,0,1.0,32.0,0,2,96.0
659,0,2,0,0,13.0,1,2.0,23.0,0,0,46.0
660,0,1,0,2,113.275,1,0.0,58.0,0,2,58.0
661,1,1,2,0,133.65,1,2.0,50.0,0,2,50.0
662,0,3,0,0,7.225,1,0.0,40.0,0,0,120.0
663,0,1,0,0,25.5875,1,2.0,47.0,0,0,47.0
664,0,3,0,0,7.4958,1,2.0,36.0,0,0,108.0
665,1,3,1,0,7.925,1,2.0,20.0,0,1,60.0
666,0,2,2,0,73.5,1,2.0,32.0,0,2,64.0
667,0,2,0,0,13.0,1,2.0,25.0,0,0,50.0
668,0,3,0,0,7.775,1,2.0,25.0,1,0,75.0
669,0,3,0,0,8.05,1,2.0,43.0,0,0,129.0
670,1,1,1,0,52.0,0,2.0,35.0,1,1,35.0
671,1,2,1,1,39.0,0,2.0,40.0,0,2,80.0
672,0,1,1,0,52.0,1,2.0,31.0,0,1,31.0
673,0,2,0,0,10.5,1,2.0,70.0,0,0,140.0
674,1,2,0,0,13.0,1,2.0,31.0,0,0,62.0
675,0,2,0,0,0.0,1,2.0,30.0,1,0,60.0
676,0,3,0,0,7.775,1,2.0,18.0,0,0,54.0
677,0,3,0,0,8.05,1,2.0,24.5,0,0,73.5
678,1,3,0,0,9.8417,0,2.0,18.0,0,0,54.0
679,0,3,1,6,46.9,0,2.0,43.0,0,7,129.0
680,1,1,0,1,512.3292,1,0.0,36.0,0,1,36.0
681,0,3,0,0,8.1375,0,1.0,21.5,1,0,64.5
682,1,1,0,0,76.7292,1,0.0,27.0,0,0,27.0
683,0,3,0,0,9.225,1,2.0,20.0,0,0,60.0
684,0,3,5,2,46.9,1,2.0,14.0,0,7,42.0
685,0,2,1,1,39.0,1,2.0,60.0,0,2,120.0
686,0,2,1,2,41.5792,1,0.0,25.0,0,3,50.0
687,0,3,4,1,39.6875,1,2.0,14.0,0,5,42.0
688,0,3,0,0,10.1708,1,2.0,19.0,0,0,57.0
689,0,3,0,0,7.7958,1,2.0,18.0,0,0,54.0
690,1,1,0,1,211.3375,0,2.0,15.0,0,1,15.0
691,1,1,1,0,57.0,1,2.0,31.0,0,1,31.0
692,1,3,0,1,13.4167,0,0.0,4.0,0,1,12.0
693,1,3,0,0,56.4958,1,2.0,25.0,1,0,75.0
694,0,3,0,0,7.225,1,0.0,25.0,0,0,75.0
695,0,1,0,0,26.55,1,2.0,60.0,0,0,60.0
696,0,2,0,0,13.5,1,2.0,52.0,0,0,104.0
697,0,3,0,0,8.05,1,2.0,44.0,0,0,132.0
698,1,3,0,0,7.7333,0,1.0,21.5,1,0,64.5
699,0,1,1,1,110.8833,1,0.0,49.0,0,2,49.0
700,0,3,0,0,7.65,1,2.0,42.0,0,0,126.0
701,1,1,1,0,227.525,0,0.0,18.0,0,1,18.0
702,1,1,0,0,26.2875,1,2.0,35.0,0,0,35.0
703,0,3,0,1,14.4542,0,0.0,18.0,0,1,54.0
704,0,3,0,0,7.7417,1,1.0,25.0,0,0,75.0
705,0,3,1,0,7.8542,1,2.0,26.0,0,1,78.0
706,0,2,0,0,26.0,1,2.0,39.0,0,0,78.0
707,1,2,0,0,13.5,0,2.0,45.0,0,0,90.0
708,1,1,0,0,26.2875,1,2.0,42.0,0,0,42.0
709,1,1,0,0,151.55,0,2.0,22.0,0,0,22.0
710,1,3,1,1,15.2458,1,0.0,25.0,1,2,75.0
711,1,1,0,0,49.5042,0,0.0,24.0,0,0,24.0
712,0,1,0,0,26.55,1,2.0,40.0,1,0,40.0
713,1,1,1,0,52.0,1,2.0,48.0,0,1,48.0
714,0,3,0,0,9.4833,1,2.0,29.0,0,0,87.0
715,0,2,0,0,13.0,1,2.0,52.0,0,0,104.0
716,0,3,0,0,7.65,1,2.0,19.0,0,0,57.0
717,1,1,0,0,227.525,0,0.0,38.0,0,0,38.0
718,1,2,0,0,10.5,0,2.0,27.0,0,0,54.0
719,0,3,0,0,15.5,1,1.0,25.0,1,0,75.0
720,0,3,0,0,7.775,1,2.0,33.0,0,0,99.0
721,1,2,0,1,33.0,0,2.0,6.0,0,1,12.0
722,0,3,1,0,7.0542,1,2.0,17.0,0,1,51.0
723,0,2,0,0,13.0,1,2.0,34.0,0,0,68.0
724,0,2,0,0,13.0,1,2.0,50.0,0,0,100.0
725,1,1,1,0,53.1,1,2.0,27.0,0,1,27.0
726,0,3,0,0,8.6625,1,2.0,20.0,0,0,60.0
727,1,2,3,0,21.0,0,2.0,30.0,0,3,60.0
728,1,3,0,0,7.7375,0,1.0,21.5,1,0,64.5
729,0,2,1,0,26.0,1,2.0,25.0,0,1,50.0
730,0,3,1,0,7.925,0,2.0,25.0,0,1,75.0
731,1,1,0,0,211.3375,0,2.0,29.0,0,0,29.0
732,0,3,0,0,18.7875,1,0.0,11.0,0,0,33.0
733,0,2,0,0,0.0,1,2.0,30.0,1,0,60.0
734,0,2,0,0,13.0,1,2.0,23.0,0,0,46.0
735,0,2,0,0,13.0,1,2.0,23.0,0,0,46.0
736,0,3,0,0,16.1,1,2.0,28.5,0,0,85.5
737,0,3,1,3,34.375,0,2.0,48.0,0,4,144.0
738,1,1,0,0,512.3292,1,0.0,35.0,0,0,35.0
739,0,3,0,0,7.8958,1,2.0,25.0,1,0,75.0
740,0,3,0,0,7.8958,1,2.0,25.0,1,0,75.0
741,1,1,0,0,30.0,1,2.0,40.0,1,0,40.0
742,0,1,1,0,78.85,1,2.0,36.0,0,1,36.0
743,1,1,2,2,262.375,0,0.0,21.0,0,4,21.0
744,0,3,1,0,16.1,1,2.0,24.0,0,1,72.0
745,1,3,0,0,7.925,1,2.0,31.0,0,0,93.0
746,0,1,1,1,71.0,1,2.0,70.0,0,2,70.0
747,0,3,1,1,20.25,1,2.0,16.0,0,2,48.0
748,1,2,0,0,13.0,0,2.0,30.0,0,0,60.0
749,0,1,1,0,53.1,1,2.0,19.0,0,1,19.0
750,0,3,0,0,7.75,1,1.0,31.0,0,0,93.0
751,1,2,1,1,23.0,0,2.0,4.0,0,2,8.0
752,1,3,0,1,12.475,1,2.0,6.0,0,1,18.0
753,0,3,0,0,9.5,1,2.0,33.0,0,0,99.0
754,0,3,0,0,7.8958,1,2.0,23.0,0,0,69.0
755,1,2,1,2,65.0,0,2.0,48.0,0,3,96.0
756,1,2,1,1,14.5,1,2.0,0.67,0,2,1.34
757,0,3,0,0,7.7958,1,2.0,28.0,0,0,84.0
758,0,2,0,0,11.5,1,2.0,18.0,0,0,36.0
759,0,3,0,0,8.05,1,2.0,34.0,0,0,102.0
760,1,1,0,0,86.5,0,2.0,33.0,0,0,33.0
761,0,3,0,0,14.5,1,2.0,25.0,1,0,75.0
762,0,3,0,0,7.125,1,2.0,41.0,0,0,123.0
763,1,3,0,0,7.2292,1,0.0,20.0,0,0,60.0
764,1,1,1,2,120.0,0,2.0,36.0,0,3,36.0
765,0,3,0,0,7.775,1,2.0,16.0,0,0,48.0
766,1,1,1,0,77.9583,0,2.0,51.0,0,1,51.0
767,0,1,0,0,39.6,1,0.0,40.0,1,0,40.0
768,0,3,0,0,7.75,0,1.0,30.5,0,0,91.5
769,0,3,1,0,24.15,1,1.0,25.0,1,1,75.0
770,0,3,0,0,8.3625,1,2.0,32.0,0,0,96.0
771,0,3,0,0,9.5,1,2.0,24.0,0,0,72.0
772,0,3,0,0,7.8542,1,2.0,48.0,0,0,144.0
773,0,2,0,0,10.5,0,2.0,57.0,0,0,114.0
774,0,3,0,0,7.225,1,0.0,25.0,1,0,75.0
775,1,2,1,3,23.0,0,2.0,54.0,0,4,108.0
776,0,3,0,0,7.75,1,2.0,18.0,0,0,54.0
777,0,3,0,0,7.75,1,1.0,25.0,1,0,75.0
778,1,3,0,0,12.475,0,2.0,5.0,0,0,15.0
779,0,3,0,0,7.7375,1,1.0,25.0,1,0,75.0
780,1,1,0,1,211.3375,0,2.0,43.0,0,1,43.0
781,1,3,0,0,7.2292,0,0.0,13.0,0,0,39.0
782,1,1,1,0,57.0,0,2.0,17.0,0,1,17.0
783,0,1,0,0,30.0,1,2.0,29.0,0,0,29.0
784,0,3,1,2,23.45,1,2.0,25.0,1,3,75.0
785,0,3,0,0,7.05,1,2.0,25.0,0,0,75.0
786,0,3,0,0,7.25,1,2.0,25.0,0,0,75.0
787,1,3,0,0,7.4958,0,2.0,18.0,0,0,54.0
788,0,3,4,1,29.125,1,1.0,8.0,0,5,24.0
789,1,3,1,2,20.575,1,2.0,1.0,0,3,3.0
790,0,1,0,0,79.2,1,0.0,46.0,0,0,46.0
791,0,3,0,0,7.75,1,1.0,25.0,1,0,75.0
792,0,2,0,0,26.0,1,2.0,16.0,0,0,32.0
793,0,3,8,2,69.55,0,2.0,21.5,1,10,64.5
794,0,1,0,0,30.6958,1,0.0,40.0,1,0,40.0
795,0,3,0,0,7.8958,1,2.0,25.0,0,0,75.0
796,0,2,0,0,13.0,1,2.0,39.0,0,0,78.0
797,1,1,0,0,25.9292,0,2.0,49.0,0,0,49.0
798,1,3,0,0,8.6833,0,2.0,31.0,0,0,93.0
799,0,3,0,0,7.2292,1,0.0,30.0,0,0,90.0
800,0,3,1,1,24.15,0,2.0,30.0,0,2,90.0
801,0,2,0,0,13.0,1,2.0,34.0,0,0,68.0
802,1,2,1,1,26.25,0,2.0,31.0,0,2,62.0
803,1,1,1,2,120.0,1,2.0,11.0,0,3,11.0
804,1,3,0,1,8.5167,1,0.0,0.42,0,1,1.26
805,1,3,0,0,6.975,1,2.0,27.0,0,0,81.0
806,0,3,0,0,7.775,1,2.0,31.0,0,0,93.0
807,0,1,0,0,0.0,1,2.0,39.0,0,0,39.0
808,0,3,0,0,7.775,0,2.0,18.0,0,0,54.0
809,0,2,0,0,13.0,1,2.0,39.0,0,0,78.0
810,1,1,1,0,53.1,0,2.0,33.0,0,1,33.0
811,0,3,0,0,7.8875,1,2.0,26.0,0,0,78.0
812,0,3,0,0,24.15,1,2.0,39.0,0,0,117.0
813,0,2,0,0,10.5,1,2.0,35.0,0,0,70.0
814,0,3,4,2,31.275,0,2.0,6.0,0,6,18.0
815,0,3,0,0,8.05,1,2.0,30.5,0,0,91.5
816,0,1,0,0,0.0,1,2.0,40.0,1,0,40.0
817,0,3,0,0,7.925,0,2.0,23.0,0,0,69.0
818,0,2,1,1,37.0042,1,0.0,31.0,0,2,62.0
819,0,3,0,0,6.45,1,2.0,43.0,0,0,129.0
820,0,3,3,2,27.9,1,2.0,10.0,0,5,30.0
821,1,1,1,1,93.5,0,2.0,52.0,0,2,52.0
822,1,3,0,0,8.6625,1,2.0,27.0,0,0,81.0
823,0,1,0,0,0.0,1,2.0,38.0,0,0,38.0
824,1,3,0,1,12.475,0,2.0,27.0,0,1,81.0
825,0,3,4,1,39.6875,1,2.0,2.0,0,5,6.0
826,0,3,0,0,6.95,1,1.0,25.0,1,0,75.0
827,0,3,0,0,56.4958,1,2.0,25.0,1,0,75.0
828,1,2,0,2,37.0042,1,0.0,1.0,0,2,2.0
829,1,3,0,0,7.75,1,1.0,25.0,1,0,75.0
830,1,1,0,0,80.0,0,,62.0,0,0,62.0
831,1,3,1,0,14.4542,0,0.0,15.0,0,1,45.0
832,1,2,1,1,18.75,1,2.0,0.83,0,2,1.66
833,0,3,0,0,7.2292,1,0.0,25.0,1,0,75.0
834,0,3,0,0,7.8542,1,2.0,23.0,0,0,69.0
835,0,3,0,0,8.3,1,2.0,18.0,0,0,54.0
836,1,1,1,1,83.1583,0,0.0,39.0,0,2,39.0
837,0,3,0,0,8.6625,1,2.0,21.0,0,0,63.0
838,0,3,0,0,8.05,1,2.0,25.0,1,0,75.0
839,1,3,0,0,56.4958,1,2.0,32.0,0,0,96.0
840,1,1,0,0,29.7,1,0.0,40.0,1,0,40.0
841,0,3,0,0,7.925,1,2.0,20.0,0,0,60.0
842,0,2,0,0,10.5,1,2.0,16.0,0,0,32.0
843,1,1,0,0,31.0,0,0.0,30.0,0,0,30.0
844,0,3,0,0,6.4375,1,0.0,34.5,0,0,103.5
845,0,3,0,0,8.6625,1,2.0,17.0,0,0,51.0
846,0,3,0,0,7.55,1,2.0,42.0,0,0,126.0
847,0,3,8,2,69.55,1,2.0,25.0,1,10,75.0
848,0,3,0,0,7.8958,1,0.0,35.0,0,0,105.0
849,0,2,0,1,33.0,1,2.0,28.0,0,1,56.0
850,1,1,1,0,89.1042,0,0.0,35.0,1,1,35.0
851,0,3,4,2,31.275,1,2.0,4.0,0,6,12.0
852,0,3,0,0,7.775,1,2.0,74.0,0,0,222.0
853,0,3,1,1,15.2458,0,0.0,9.0,0,2,27.0
854,1,1,0,1,39.4,0,2.0,16.0,0,1,16.0
855,0,2,1,0,26.0,0,2.0,44.0,0,1,88.0
856,1,3,0,1,9.35,0,2.0,18.0,0,1,54.0
857,1,1,1,1,164.8667,0,2.0,45.0,0,2,45.0
858,1,1,0,0,26.55,1,2.0,51.0,0,0,51.0
859,1,3,0,3,19.2583,0,0.0,24.0,0,3,72.0
860,0,3,0,0,7.2292,1,0.0,25.0,1,0,75.0
861,0,3,2,0,14.1083,1,2.0,41.0,0,2,123.0
862,0,2,1,0,11.5,1,2.0,21.0,0,1,42.0
863,1,1,0,0,25.9292,0,2.0,48.0,0,0,48.0
864,0,3,8,2,69.55,0,2.0,21.5,1,10,64.5
865,0,2,0,0,13.0,1,2.0,24.0,0,0,48.0
866,1,2,0,0,13.0,0,2.0,42.0,0,0,84.0
867,1,2,1,0,13.8583,0,0.0,27.0,0,1,54.0
868,0,1,0,0,50.4958,1,2.0,31.0,0,0,31.0
869,0,3,0,0,9.5,1,2.0,25.0,1,0,75.0
870,1,3,1,1,11.1333,1,2.0,4.0,0,2,12.0
871,0,3,0,0,7.8958,1,2.0,26.0,0,0,78.0
872,1,1,1,1,52.5542,0,2.0,47.0,0,2,47.0
873,0,1,0,0,5.0,1,2.0,33.0,0,0,33.0
874,0,3,0,0,9.0,1,2.0,47.0,0,0,141.0
875,1,2,1,0,24.0,0,0.0,28.0,0,1,56.0
876,1,3,0,0,7.225,0,0.0,15.0,0,0,45.0
877,0,3,0,0,9.8458,1,2.0,20.0,0,0,60.0
878,0,3,0,0,7.8958,1,2.0,19.0,0,0,57.0
879,0,3,0,0,7.8958,1,2.0,25.0,1,0,75.0
880,1,1,0,1,83.1583,0,0.0,56.0,0,1,56.0
881,1,2,0,1,26.0,0,2.0,25.0,0,1,50.0
882,0,3,0,0,7.8958,1,2.0,33.0,0,0,99.0
883,0,3,0,0,10.5167,0,2.0,22.0,0,0,66.0
884,0,2,0,0,10.5,1,2.0,28.0,0,0,56.0
885,0,3,0,0,7.05,1,2.0,25.0,0,0,75.0
886,0,3,0,5,29.125,0,1.0,39.0,0,5,117.0
887,0,2,0,0,13.0,1,2.0,27.0,0,0,54.0
888,1,1,0,0,30.0,0,2.0,19.0,0,0,19.0
889,0,3,1,2,23.45,0,2.0,21.5,1,3,64.5
890,1,1,0,0,30.0,1,0.0,26.0,0,0,26.0
891,0,3,0,0,7.75,1,1.0,32.0,0,0,96.0
